{
    "batch_size_per_gpu": 1,
    "seq_len": 512,
    "tp_size": 1,
    "pp_size": 1,
    "num_tokens_to_generate": 32,
    "use_kv_cache": true,
    "kv_cache_memory_per_gpu": 434503680.0,
    "kv_cache_latency": 0.0004261929180971064,
    "layernorm_dtype_bytes": 2,
    "embedding_memory_per_gpu": 425984000.0,
    "weight_memory_per_gpu": 32323665920.0,
    "prefill_max_batch_size_per_gpu": 8,
    "prefill_activation_memory_per_gpu": 5316280320.0,
    "prefill_num_flops_fwd_total": 33300089405440,
    "decode_max_batch_size_per_gpu": 107,
    "decode_activation_memory_per_gpu": 7194720.0,
    "decode_num_flops_fwd_total": 64222945280,
    "prefill_latency": 0.05437669148332843,
    "prefill_latency_fwd_attn": 0.01811939328,
    "prefill_latency_fwd_mlp": 0.034896609280000004,
    "prefill_latency_fwd_layernorm": 0.0008022454928886709,
    "prefill_latency_fwd_tp_comm": 0,
    "prefill_latency_fwd_input_embedding": 0.00020891809710642473,
    "prefill_latency_fwd_output_embedding_loss": 0.0003495253333333333,
    "decode_latency": 0.016283892789275792,
    "decode_latency_fwd_attn": 0.005215578067680235,
    "decode_latency_fwd_mlp": 0.010430954153997057,
    "decode_latency_fwd_layernorm": 1.5668857282981853e-06,
    "decode_latency_fwd_tp_comm": 0,
    "decode_latency_fwd_input_embedding": 0.00020891809710642473,
    "decode_latency_fwd_output_embedding_loss": 6.826666666666666e-07,
    "total_decode_latency": 0.5210845692568253,
    "total_latency": 0.5754612607401538,
    "total_per_token_latency": 0.017983164398129806
}
