{
    "batch_size_per_gpu": 1,
    "seq_len": 512,
    "tp_size": 1,
    "pp_size": 1,
    "num_tokens_to_generate": 32,
    "use_kv_cache": true,
    "kv_cache_memory_per_gpu": 713031680.0,
    "kv_cache_latency": 0.0006993935066208926,
    "layernorm_dtype_bytes": 2,
    "embedding_memory_per_gpu": 524288000.0,
    "weight_memory_per_gpu": 64948797440.0,
    "prefill_max_batch_size_per_gpu": 1,
    "prefill_activation_memory_per_gpu": 8724152320.0,
    "prefill_num_flops_fwd_total": 66926327889920,
    "decode_max_batch_size_per_gpu": 20,
    "decode_activation_memory_per_gpu": 11806720.0,
    "decode_num_flops_fwd_total": 129375928320,
    "prefill_latency": 0.10882736598271753,
    "prefill_latency_fwd_attn": 0.03634203096615384,
    "prefill_latency_fwd_mlp": 0.07048151460102564,
    "prefill_latency_fwd_layernorm": 0.0013165054242275627,
    "prefill_latency_fwd_tp_comm": 0,
    "prefill_latency_fwd_input_embedding": 0.0002571299656694458,
    "prefill_latency_fwd_output_embedding_loss": 0.00043018502564102563,
    "decode_latency": 0.03256056995500561,
    "decode_latency_fwd_attn": 0.010533655478175577,
    "decode_latency_fwd_mlp": 0.021066979499754782,
    "decode_latency_fwd_layernorm": 2.5712996566944585e-06,
    "decode_latency_fwd_tp_comm": 0,
    "decode_latency_fwd_input_embedding": 0.0002571299656694458,
    "decode_latency_fwd_output_embedding_loss": 8.402051282051282e-07,
    "total_decode_latency": 1.0419382385601794,
    "total_latency": 1.150765604542897,
    "total_per_token_latency": 0.03596142514196553
}
