{
    "batch_size_per_gpu": 1,
    "seq_len": 512,
    "tp_size": 1,
    "pp_size": 1,
    "num_tokens_to_generate": 32,
    "use_kv_cache": true,
    "kv_cache_memory_per_gpu": 222822400.0,
    "kv_cache_latency": 0.00021856047081902894,
    "layernorm_dtype_bytes": 2,
    "embedding_memory_per_gpu": 327680000.0,
    "weight_memory_per_gpu": 12910592000.0,
    "prefill_max_batch_size_per_gpu": 24,
    "prefill_activation_memory_per_gpu": 2726297600.0,
    "prefill_num_flops_fwd_total": 13267422412800,
    "decode_max_batch_size_per_gpu": 296,
    "decode_activation_memory_per_gpu": 3689600.0,
    "decode_num_flops_fwd_total": 25494323200,
    "prefill_latency": 0.021834009065922207,
    "prefill_latency_fwd_attn": 0.0072271084307692305,
    "prefill_latency_fwd_mlp": 0.01376592082051282,
    "prefill_latency_fwd_layernorm": 0.0004114079450711133,
    "prefill_latency_fwd_tp_comm": 0,
    "prefill_latency_fwd_input_embedding": 0.00016070622854340362,
    "prefill_latency_fwd_output_embedding_loss": 0.000268865641025641,
    "decode_latency": 0.006553122283673497,
    "decode_latency_fwd_attn": 0.0020575435017165275,
    "decode_latency_fwd_mlp": 0.00411498342324669,
    "decode_latency_fwd_layernorm": 8.035311427170182e-07,
    "decode_latency_fwd_tp_comm": 0,
    "decode_latency_fwd_input_embedding": 0.00016070622854340362,
    "decode_latency_fwd_output_embedding_loss": 5.251282051282051e-07,
    "total_decode_latency": 0.2096999130775519,
    "total_latency": 0.2315339221434741,
    "total_per_token_latency": 0.0072354350669835655
}
