{
    "batch_size_per_gpu": 1,
    "seq_len": 512,
    "tp_size": 1,
    "pp_size": 1,
    "num_tokens_to_generate": 32,
    "use_kv_cache": true,
    "kv_cache_memory_per_gpu": 142606336.0,
    "kv_cache_latency": 0.00013987870132417852,
    "layernorm_dtype_bytes": 2,
    "embedding_memory_per_gpu": 262144000.0,
    "weight_memory_per_gpu": 6704594944.0,
    "prefill_max_batch_size_per_gpu": 42,
    "prefill_activation_memory_per_gpu": 1744830464.0,
    "prefill_num_flops_fwd_total": 6868726448128,
    "decode_max_batch_size_per_gpu": 505,
    "decode_activation_memory_per_gpu": 2361344.0,
    "decode_num_flops_fwd_total": 13147570176,
    "prefill_latency": 0.0113994405037828,
    "prefill_latency_fwd_attn": 0.003744330463179487,
    "prefill_latency_fwd_mlp": 0.0070481514601025645,
    "prefill_latency_fwd_layernorm": 0.0002633010848455125,
    "prefill_latency_fwd_tp_comm": 0,
    "prefill_latency_fwd_input_embedding": 0.0001285649828347229,
    "prefill_latency_fwd_output_embedding_loss": 0.00021509251282051281,
    "decode_latency": 0.0034298920240942643,
    "decode_latency_fwd_attn": 0.0010535267562530653,
    "decode_latency_fwd_mlp": 0.0021069872211868564,
    "decode_latency_fwd_layernorm": 5.142599313388917e-07,
    "decode_latency_fwd_tp_comm": 0,
    "decode_latency_fwd_input_embedding": 0.0001285649828347229,
    "decode_latency_fwd_output_embedding_loss": 4.201025641025641e-07,
    "total_decode_latency": 0.10975654477101646,
    "total_latency": 0.12115598527479926,
    "total_per_token_latency": 0.003786124539837477
}
