{
    "batch_size_per_gpu": 1,
    "seq_len": 512,
    "tp_size": 1,
    "pp_size": 1,
    "num_tokens_to_generate": 32,
    "use_kv_cache": true,
    "kv_cache_memory_per_gpu": 71303168.0,
    "kv_cache_latency": 6.993935066208926e-05,
    "layernorm_dtype_bytes": 2,
    "embedding_memory_per_gpu": 262144000.0,
    "weight_memory_per_gpu": 3483369472.0,
    "prefill_max_batch_size_per_gpu": 76,
    "prefill_activation_memory_per_gpu": 1006632960.0,
    "prefill_num_flops_fwd_total": 6868726448128,
    "decode_max_batch_size_per_gpu": 1051,
    "decode_activation_memory_per_gpu": 1442816.0,
    "decode_num_flops_fwd_total": 13147570176,
    "prefill_latency": 0.005895653285731517,
    "prefill_latency_fwd_attn": 0.0018721652315897435,
    "prefill_latency_fwd_mlp": 0.0035240757300512822,
    "prefill_latency_fwd_layernorm": 0.0002633010848455125,
    "prefill_latency_fwd_tp_comm": 0,
    "prefill_latency_fwd_input_embedding": 0.0001285649828347229,
    "prefill_latency_fwd_output_embedding_loss": 0.00010754625641025641,
    "decode_latency": 0.0017794856334301633,
    "decode_latency_fwd_attn": 0.0005267633781265327,
    "decode_latency_fwd_mlp": 0.0010534936105934282,
    "decode_latency_fwd_layernorm": 5.142599313388917e-07,
    "decode_latency_fwd_tp_comm": 0,
    "decode_latency_fwd_input_embedding": 0.0001285649828347229,
    "decode_latency_fwd_output_embedding_loss": 2.1005128205128204e-07,
    "total_decode_latency": 0.056943540269765225,
    "total_latency": 0.06283919355549675,
    "total_per_token_latency": 0.0019637247986092734
}
