{
    "batch_size_per_gpu": 1,
    "seq_len": 512,
    "tp_size": 1,
    "pp_size": 1,
    "num_tokens_to_generate": 32,
    "use_kv_cache": true,
    "kv_cache_memory_per_gpu": 111411200.0,
    "kv_cache_latency": 0.00010928023540951447,
    "layernorm_dtype_bytes": 2,
    "embedding_memory_per_gpu": 327680000.0,
    "weight_memory_per_gpu": 6619136000.0,
    "prefill_max_batch_size_per_gpu": 46,
    "prefill_activation_memory_per_gpu": 1572864000.0,
    "prefill_num_flops_fwd_total": 13267422412800,
    "decode_max_batch_size_per_gpu": 645,
    "decode_activation_memory_per_gpu": 2254400.0,
    "decode_num_flops_fwd_total": 25494323200,
    "prefill_latency": 0.011203061619768362,
    "prefill_latency_fwd_attn": 0.0036135542153846152,
    "prefill_latency_fwd_mlp": 0.00688296041025641,
    "prefill_latency_fwd_layernorm": 0.0004114079450711133,
    "prefill_latency_fwd_tp_comm": 0,
    "prefill_latency_fwd_input_embedding": 0.00016070622854340362,
    "prefill_latency_fwd_output_embedding_loss": 0.0001344328205128205,
    "decode_latency": 0.0033573160216798085,
    "decode_latency_fwd_attn": 0.0010287717508582637,
    "decode_latency_fwd_mlp": 0.002057491711623345,
    "decode_latency_fwd_layernorm": 8.035311427170182e-07,
    "decode_latency_fwd_tp_comm": 0,
    "decode_latency_fwd_input_embedding": 0.00016070622854340362,
    "decode_latency_fwd_output_embedding_loss": 2.6256410256410255e-07,
    "total_decode_latency": 0.10743411269375387,
    "total_latency": 0.11863717431352223,
    "total_per_token_latency": 0.00370741169729757
}
