{
    "batch_size_per_gpu": 1,
    "seq_len": 512,
    "tp_size": 1,
    "pp_size": 1,
    "num_tokens_to_generate": 32,
    "use_kv_cache": true,
    "kv_cache_memory_per_gpu": 356515840.0,
    "kv_cache_latency": 0.0003496967533104463,
    "layernorm_dtype_bytes": 2,
    "embedding_memory_per_gpu": 524288000.0,
    "weight_memory_per_gpu": 32736542720.0,
    "prefill_max_batch_size_per_gpu": 9,
    "prefill_activation_memory_per_gpu": 5033164800.0,
    "prefill_num_flops_fwd_total": 66926327889920,
    "decode_max_batch_size_per_gpu": 129,
    "decode_activation_memory_per_gpu": 7214080.0,
    "decode_num_flops_fwd_total": 129375928320,
    "prefill_latency": 0.055200500686307274,
    "prefill_latency_fwd_attn": 0.01817101548307692,
    "prefill_latency_fwd_mlp": 0.03524075730051282,
    "prefill_latency_fwd_layernorm": 0.0013165054242275627,
    "prefill_latency_fwd_tp_comm": 0,
    "prefill_latency_fwd_input_embedding": 0.0002571299656694458,
    "prefill_latency_fwd_output_embedding_loss": 0.00021509251282051281,
    "decode_latency": 0.01641013561016587,
    "decode_latency_fwd_attn": 0.005266827739087788,
    "decode_latency_fwd_mlp": 0.010533489749877391,
    "decode_latency_fwd_layernorm": 2.5712996566944585e-06,
    "decode_latency_fwd_tp_comm": 0,
    "decode_latency_fwd_input_embedding": 0.0002571299656694458,
    "decode_latency_fwd_output_embedding_loss": 4.201025641025641e-07,
    "total_decode_latency": 0.5251243395253078,
    "total_latency": 0.580324840211615,
    "total_per_token_latency": 0.01813515125661297
}
