{
    "batch_size_per_gpu": 1,
    "seq_len": 512,
    "tp_size": 1,
    "pp_size": 1,
    "num_tokens_to_generate": 32,
    "use_kv_cache": true,
    "kv_cache_memory_per_gpu": 217251840.0,
    "kv_cache_latency": 0.0002130964590485532,
    "layernorm_dtype_bytes": 2,
    "embedding_memory_per_gpu": 425984000.0,
    "weight_memory_per_gpu": 16374824960.0,
    "prefill_max_batch_size_per_gpu": 20,
    "prefill_activation_memory_per_gpu": 3067084800.0,
    "prefill_num_flops_fwd_total": 33300089405440,
    "decode_max_batch_size_per_gpu": 287,
    "decode_activation_memory_per_gpu": 4396080.0,
    "decode_num_flops_fwd_total": 64222945280,
    "prefill_latency": 0.027693927536661764,
    "prefill_latency_fwd_attn": 0.00905969664,
    "prefill_latency_fwd_mlp": 0.017448304640000002,
    "prefill_latency_fwd_layernorm": 0.0008022454928886709,
    "prefill_latency_fwd_tp_comm": 0,
    "prefill_latency_fwd_input_embedding": 0.00020891809710642473,
    "prefill_latency_fwd_output_embedding_loss": 0.00017476266666666666,
    "decode_latency": 0.008247188886055256,
    "decode_latency_fwd_attn": 0.0026077890338401175,
    "decode_latency_fwd_mlp": 0.005215477076998529,
    "decode_latency_fwd_layernorm": 1.5668857282981853e-06,
    "decode_latency_fwd_tp_comm": 0,
    "decode_latency_fwd_input_embedding": 0.00020891809710642473,
    "decode_latency_fwd_output_embedding_loss": 3.413333333333333e-07,
    "total_decode_latency": 0.2639100443537682,
    "total_latency": 0.29160397189042997,
    "total_per_token_latency": 0.009112624121575937
}
