{
    "batch_size_per_gpu": 1,
    "max_batch_size_per_gpu": 7,
    "gradient_accumulation_steps": 1,
    "global_batch_size": 1536,
    "dp_size": 1536,
    "tp_size": 1,
    "pp_size": 1,
    "sp_size": 1,
    "ds_zero": "STAGE_3",
    "total_num_gpus": 1536,
    "seq_len": 2048,
    "total_num_tokens": 300000000000.0,
    "num_params_total": 174563917824,
    "activation_recomputation": "FULL",
    "achived_flops": 44.0,
    "flops_efficiency": 0.14102564102564102,
    "hbm_memory_efficiency": 1,
    "num_flops_total_per_micro_batch": 2939220066828288,
    "weight_memory_per_gpu": 1461977088.0,
    "gradient_memory_per_gpu": 226492416.0,
    "optimizer_state_memory_per_gpu": 1811939328.0,
    "activation_memory_bs1": 4831838208.0,
    "activation_memory_per_gpu": 4831838208.0,
    "latency_per_micro_batch": 66.80045606427927,
    "latency_fwd": 16.713337705783,
    "latency_fwd_attn": 5.847402747717818,
    "latency_fwd_mlp": 10.795205072709818,
    "latency_fwd_layernorm": 0.012429165808360128,
    "latency_fwd_tp_comm": 0,
    "latency_fwd_input_embedding": 0.0007945239048231511,
    "latency_fwd_output_embedding_loss": 0.05750619564218182,
    "latency_per_iter": 66.80045606427927,
    "total_training_latency": 6370559.093482122,
    "gpu_hours": 2718105.2132190387
}
