{
    "batch_size_per_gpu": 2,
    "max_batch_size_per_gpu": 3,
    "gradient_accumulation_steps": 1,
    "global_batch_size": 2240,
    "dp_size": 1120,
    "tp_size": 1,
    "pp_size": 1,
    "sp_size": 1,
    "ds_zero": "STAGE_3",
    "total_num_gpus": 1120,
    "seq_len": 2048,
    "total_num_tokens": 300000000000.0,
    "num_params_total": 529511874560,
    "activation_recomputation": "FULL",
    "achived_flops": 98.0,
    "flops_efficiency": 0.3141025641025641,
    "hbm_memory_efficiency": 1,
    "num_flops_total_per_micro_batch": 17639666907873280,
    "weight_memory_per_gpu": 3002859520.0,
    "gradient_memory_per_gpu": 943718400.0,
    "optimizer_state_memory_per_gpu": 7549747200.0,
    "activation_memory_bs1": 8808038400.0,
    "activation_memory_per_gpu": 17616076800.0,
    "latency_per_micro_batch": 179.99660110074777,
    "latency_fwd": 45.04578914870462,
    "latency_fwd_attn": 15.4618822656,
    "latency_fwd_mlp": 29.45120431542857,
    "latency_fwd_layernorm": 0.0453146670096463,
    "latency_fwd_tp_comm": 0,
    "latency_fwd_input_embedding": 0.0013242065080385852,
    "latency_fwd_output_embedding_loss": 0.08606369415836734,
    "latency_per_iter": 179.99660110074777,
    "total_training_latency": 11770697.7323823,
    "gpu_hours": 3661994.850074493
}
