{
    "batch_size_per_gpu": 1,
    "max_batch_size_per_gpu": 3,
    "gradient_accumulation_steps": 1,
    "global_batch_size": 2240,
    "dp_size": 2240,
    "tp_size": 1,
    "pp_size": 1,
    "sp_size": 1,
    "ds_zero": "STAGE_3",
    "total_num_gpus": 2240,
    "seq_len": 2048,
    "total_num_tokens": 300000000000.0,
    "num_params_total": 529511874560,
    "activation_recomputation": "FULL",
    "achived_flops": 48.0,
    "flops_efficiency": 0.15384615384615385,
    "hbm_memory_efficiency": 1,
    "num_flops_total_per_micro_batch": 8819833453936640,
    "weight_memory_per_gpu": 2531000320.0,
    "gradient_memory_per_gpu": 471859200.0,
    "optimizer_state_memory_per_gpu": 3774873600.0,
    "activation_memory_bs1": 8808038400.0,
    "activation_memory_per_gpu": 8808038400.0,
    "latency_per_micro_batch": 183.74653029034667,
    "latency_fwd": 45.96061411259953,
    "latency_fwd_attn": 15.784004812800001,
    "latency_fwd_mlp": 30.064771072000003,
    "latency_fwd_layernorm": 0.02265733350482315,
    "latency_fwd_tp_comm": 0,
    "latency_fwd_input_embedding": 0.0013242065080385852,
    "latency_fwd_output_embedding_loss": 0.08785668778666667,
    "latency_per_iter": 183.74653029034667,
    "total_training_latency": 12015920.60180693,
    "gpu_hours": 7476572.81890209
}
