{
    "batch_size_per_gpu": 4,
    "max_batch_size_per_gpu": 6,
    "gradient_accumulation_steps": 1,
    "global_batch_size": 1536,
    "dp_size": 384,
    "tp_size": 1,
    "pp_size": 1,
    "sp_size": 1,
    "ds_zero": "STAGE_3",
    "total_num_gpus": 384,
    "seq_len": 2048,
    "total_num_tokens": 300000000000.0,
    "num_params_total": 174563917824,
    "activation_recomputation": "FULL",
    "achived_flops": 144.0,
    "flops_efficiency": 0.46153846153846156,
    "hbm_memory_efficiency": 1,
    "num_flops_total_per_micro_batch": 11756880267313152,
    "weight_memory_per_gpu": 2141454336.0,
    "gradient_memory_per_gpu": 905969664.0,
    "optimizer_state_memory_per_gpu": 7247757312.0,
    "activation_memory_bs1": 4831838208.0,
    "activation_memory_per_gpu": 19327352832.0,
    "latency_per_micro_batch": 81.64500185634134,
    "latency_fwd": 20.461761651223597,
    "latency_fwd_attn": 7.146825580544,
    "latency_fwd_mlp": 13.194139533312,
    "latency_fwd_layernorm": 0.04971666323344051,
    "latency_fwd_tp_comm": 0,
    "latency_fwd_input_embedding": 0.0007945239048231511,
    "latency_fwd_output_embedding_loss": 0.07028535022933333,
    "latency_per_iter": 81.64500185634134,
    "total_training_latency": 7786238.892033705,
    "gpu_hours": 830532.1484835952
}
