{
    "batch_size_per_gpu": 25,
    "max_batch_size_per_gpu": 39,
    "gradient_accumulation_steps": 5000,
    "global_batch_size": 4000000,
    "dp_size": 32,
    "tp_size": 8,
    "pp_size": 8,
    "sp_size": 8,
    "ds_zero": "NONE",
    "total_num_gpus": 2048,
    "seq_len": 2048,
    "total_num_tokens": 1000000000000.0,
    "num_params_total": 12746752000,
    "activation_recomputation": "SELECTIVE",
    "achived_flops": 494.5,
    "flops_efficiency": 0.5,
    "hbm_memory_efficiency": 0.9,
    "num_flops_total_per_micro_batch": 4259399598080000,
    "weight_memory_per_gpu": 434176000.0,
    "gradient_memory_per_gpu": 393216000.0,
    "optimizer_state_memory_per_gpu": 3145728000.0,
    "activation_memory_bs1": 1939865600.0,
    "activation_memory_per_gpu": 48496640000.0,
    "latency_per_micro_batch": 0.134586691041456,
    "latency_fwd": 0.07063962038194602,
    "latency_fwd_attn": 0.016285265278058646,
    "latency_fwd_mlp": 0.02714210879676441,
    "latency_fwd_layernorm": 0.0004347330016583748,
    "latency_fwd_tp_comm": 0.02038897777777778,
    "latency_fwd_input_embedding": 0.0021475810281923716,
    "latency_fwd_output_embedding_loss": 0.004240954499494439,
    "latency_per_iter": 672.9334552072801,
    "total_training_latency": 82097.88153528816,
    "gpu_hours": 46704.57260674171
}