{
    "batch_size_per_gpu": 10,
    "max_batch_size_per_gpu": 18,
    "gradient_accumulation_steps": 12500,
    "global_batch_size": 4000000,
    "dp_size": 32,
    "tp_size": 8,
    "pp_size": 8,
    "sp_size": 8,
    "ds_zero": "NONE",
    "total_num_gpus": 2048,
    "seq_len": 2048,
    "total_num_tokens": 1400000000000.0,
    "num_params_total": 32110673920,
    "activation_recomputation": "SELECTIVE",
    "achived_flops": 494.5,
    "flops_efficiency": 0.5,
    "hbm_memory_efficiency": 0.9,
    "num_flops_total_per_micro_batch": 4213765570560000,
    "weight_memory_per_gpu": 983597056.0,
    "gradient_memory_per_gpu": 930349056.0,
    "optimizer_state_memory_per_gpu": 7442792448.0,
    "activation_memory_bs1": 3782737920.0,
    "activation_memory_per_gpu": 37827379200.0,
    "latency_per_micro_batch": 0.1331447665116279,
    "latency_fwd": 0.05907335602544125,
    "latency_fwd_attn": 0.014819591403033367,
    "latency_fwd_mlp": 0.025687291765257837,
    "latency_fwd_layernorm": 0.0003164856252072969,
    "latency_fwd_tp_comm": 0.014843175822222224,
    "latency_fwd_input_embedding": 0.0012015150699834164,
    "latency_fwd_output_embedding_loss": 0.002205296339737108,
    "latency_per_iter": 1664.309581395349,
    "total_training_latency": 282932.6288372093,
    "gpu_hours": 160957.2288496124
}
