{
    "batch_size_per_gpu": 1,
    "max_batch_size_per_gpu": 1,
    "gradient_accumulation_steps": 280,
    "global_batch_size": 2240,
    "dp_size": 8,
    "tp_size": 8,
    "pp_size": 35,
    "sp_size": 1,
    "ds_zero": "NONE",
    "total_num_gpus": 2240,
    "seq_len": 2048,
    "total_num_tokens": 300000000000.0,
    "num_params_total": 529511874560,
    "activation_recomputation": "FULL",
    "achived_flops": 159.0,
    "flops_efficiency": 0.5096153846153846,
    "hbm_memory_efficiency": 1,
    "num_flops_total_per_micro_batch": 8819833453936640,
    "weight_memory_per_gpu": 4032266240.0,
    "gradient_memory_per_gpu": 3774873600.0,
    "optimizer_state_memory_per_gpu": 30198988800.0,
    "activation_memory_bs1": 1101004800.0,
    "activation_memory_per_gpu": 1101004800.0,
    "latency_per_micro_batch": 0.19810946662031986,
    "latency_fwd": 0.05814489633288439,
    "latency_fwd_attn": 0.017017794946415095,
    "latency_fwd_mlp": 0.032414847516981135,
    "latency_fwd_layernorm": 0.00064735238585209,
    "latency_fwd_tp_comm": 0.0029360128000000003,
    "latency_fwd_input_embedding": 0.001813541974705252,
    "latency_fwd_output_embedding_loss": 0.0033153467089308175,
    "latency_per_iter": 55.47065065368956,
    "total_training_latency": 3627447.728847375,
    "gpu_hours": 2257078.586838367
}
