{
    "batch_size_per_gpu": 1,
    "seq_len": 512,
    "tp_size": 1,
    "pp_size": 1,
    "num_tokens_to_generate": 32,
    "use_kv_cache": true,
    "kv_cache_memory_per_gpu": 142606336.0,
    "kv_cache_latency": 0.00013987870132417852,
    "layernorm_dtype_bytes": 2,
    "embedding_memory_per_gpu": 262144000.0,
    "weight_memory_per_gpu": 3483369472.0,
    "prefill_max_batch_size_per_gpu": 43,
    "prefill_activation_memory_per_gpu": 1744830464.0,
    "prefill_num_flops_fwd_total": 6868726448128,
    "decode_max_batch_size_per_gpu": 527,
    "decode_activation_memory_per_gpu": 2361344.0,
    "decode_num_flops_fwd_total": 13147570176,
    "prefill_latency": 0.0113994405037828,
    "prefill_latency_fwd_attn": 0.003744330463179487,
    "prefill_latency_fwd_mlp": 0.0070481514601025645,
    "prefill_latency_fwd_layernorm": 0.0002633010848455125,
    "prefill_latency_fwd_tp_comm": 0,
    "prefill_latency_fwd_input_embedding": 0.0001285649828347229,
    "prefill_latency_fwd_output_embedding_loss": 0.00021509251282051281,
    "decode_latency": 0.0018500855150211896,
    "decode_latency_fwd_attn": 0.0005269245865620403,
    "decode_latency_fwd_mlp": 0.0010537828818048063,
    "decode_latency_fwd_layernorm": 5.142599313388917e-07,
    "decode_latency_fwd_tp_comm": 0,
    "decode_latency_fwd_input_embedding": 0.0001285649828347229,
    "decode_latency_fwd_output_embedding_loss": 4.201025641025641e-07,
    "total_decode_latency": 0.059202736480678066,
    "total_latency": 0.07060217698446086,
    "total_per_token_latency": 0.002206318030764402
}
