{
    "batch_size_per_gpu": 1,
    "seq_len": 512,
    "tp_size": 1,
    "pp_size": 1,
    "num_tokens_to_generate": 32,
    "use_kv_cache": true,
    "kv_cache_memory_per_gpu": 445644800.0,
    "kv_cache_latency": 0.0004371209416380579,
    "layernorm_dtype_bytes": 2,
    "embedding_memory_per_gpu": 327680000.0,
    "weight_memory_per_gpu": 6619136000.0,
    "prefill_max_batch_size_per_gpu": 14,
    "prefill_activation_memory_per_gpu": 5033164800.0,
    "prefill_num_flops_fwd_total": 13267422412800,
    "decode_max_batch_size_per_gpu": 162,
    "decode_activation_memory_per_gpu": 6560000.0,
    "decode_num_flops_fwd_total": 25494323200,
    "prefill_latency": 0.0430959039582299,
    "prefill_latency_fwd_attn": 0.014454216861538461,
    "prefill_latency_fwd_mlp": 0.02753184164102564,
    "prefill_latency_fwd_layernorm": 0.0004114079450711133,
    "prefill_latency_fwd_tp_comm": 0,
    "prefill_latency_fwd_input_embedding": 0.00016070622854340362,
    "prefill_latency_fwd_output_embedding_loss": 0.000537731282051282,
    "decode_latency": 0.00368805604356082,
    "decode_latency_fwd_attn": 0.0010295274153997059,
    "decode_latency_fwd_mlp": 0.00205884767042668,
    "decode_latency_fwd_layernorm": 8.035311427170182e-07,
    "decode_latency_fwd_tp_comm": 0,
    "decode_latency_fwd_input_embedding": 0.00016070622854340362,
    "decode_latency_fwd_output_embedding_loss": 1.0502564102564102e-06,
    "total_decode_latency": 0.11801779339394625,
    "total_latency": 0.16111369735217615,
    "total_per_token_latency": 0.005034803042255505
}
