{
    "batch_size_per_gpu": 1,
    "seq_len": 512,
    "tp_size": 1,
    "pp_size": 1,
    "num_tokens_to_generate": 32,
    "use_kv_cache": true,
    "kv_cache_memory_per_gpu": 285212672.0,
    "kv_cache_latency": 0.00027975740264835704,
    "layernorm_dtype_bytes": 2,
    "embedding_memory_per_gpu": 262144000.0,
    "weight_memory_per_gpu": 3483369472.0,
    "prefill_max_batch_size_per_gpu": 23,
    "prefill_activation_memory_per_gpu": 3221225472.0,
    "prefill_num_flops_fwd_total": 6868726448128,
    "decode_max_batch_size_per_gpu": 264,
    "decode_activation_memory_per_gpu": 4198400.0,
    "decode_num_flops_fwd_total": 13147570176,
    "prefill_latency": 0.022407014939885367,
    "prefill_latency_fwd_attn": 0.007488660926358974,
    "prefill_latency_fwd_mlp": 0.014096302920205129,
    "prefill_latency_fwd_layernorm": 0.0002633010848455125,
    "prefill_latency_fwd_tp_comm": 0,
    "prefill_latency_fwd_input_embedding": 0.0001285649828347229,
    "prefill_latency_fwd_output_embedding_loss": 0.00043018502564102563,
    "decode_latency": 0.0019912852782032423,
    "decode_latency_fwd_attn": 0.0005272470034330555,
    "decode_latency_fwd_mlp": 0.0010543614242275626,
    "decode_latency_fwd_layernorm": 5.142599313388917e-07,
    "decode_latency_fwd_tp_comm": 0,
    "decode_latency_fwd_input_embedding": 0.0001285649828347229,
    "decode_latency_fwd_output_embedding_loss": 8.402051282051282e-07,
    "total_decode_latency": 0.06372112890250375,
    "total_latency": 0.08612814384238912,
    "total_per_token_latency": 0.00269150449507466
}
