{
    "batch_size_per_gpu": 1,
    "seq_len": 512,
    "tp_size": 1,
    "pp_size": 1,
    "num_tokens_to_generate": 32,
    "use_kv_cache": true,
    "kv_cache_memory_per_gpu": 1426063360.0,
    "kv_cache_latency": 0.0013987870132417851,
    "layernorm_dtype_bytes": 2,
    "embedding_memory_per_gpu": 524288000.0,
    "weight_memory_per_gpu": 32736542720.0,
    "prefill_max_batch_size_per_gpu": 2,
    "prefill_activation_memory_per_gpu": 16106127360.0,
    "prefill_num_flops_fwd_total": 66926327889920,
    "decode_max_batch_size_per_gpu": 32,
    "decode_activation_memory_per_gpu": 20992000.0,
    "decode_num_flops_fwd_total": 129375928320,
    "prefill_latency": 0.21608109657553806,
    "prefill_latency_fwd_attn": 0.07268406193230768,
    "prefill_latency_fwd_mlp": 0.14096302920205128,
    "prefill_latency_fwd_layernorm": 0.0013165054242275627,
    "prefill_latency_fwd_tp_comm": 0,
    "prefill_latency_fwd_input_embedding": 0.0002571299656694458,
    "prefill_latency_fwd_output_embedding_loss": 0.0008603700512820513,
    "decode_latency": 0.017467243372492797,
    "decode_latency_fwd_attn": 0.005269245865620402,
    "decode_latency_fwd_mlp": 0.010537828818048062,
    "decode_latency_fwd_layernorm": 2.5712996566944585e-06,
    "decode_latency_fwd_tp_comm": 0,
    "decode_latency_fwd_input_embedding": 0.0002571299656694458,
    "decode_latency_fwd_output_embedding_loss": 1.6804102564102564e-06,
    "total_decode_latency": 0.5589517879197695,
    "total_latency": 0.7750328844953076,
    "total_per_token_latency": 0.024219777640478363
}
