{
    "batch_size_per_gpu": 1,
    "seq_len": 512,
    "tp_size": 1,
    "pp_size": 1,
    "num_tokens_to_generate": 32,
    "use_kv_cache": true,
    "kv_cache_memory_per_gpu": 869007360.0,
    "kv_cache_latency": 0.0008523858361942128,
    "layernorm_dtype_bytes": 2,
    "embedding_memory_per_gpu": 425984000.0,
    "weight_memory_per_gpu": 64221347840.0,
    "prefill_max_batch_size_per_gpu": 1,
    "prefill_activation_memory_per_gpu": 9814671360.0,
    "prefill_num_flops_fwd_total": 33300089405440,
    "decode_max_batch_size_per_gpu": 17,
    "decode_activation_memory_per_gpu": 12792000.0,
    "decode_num_flops_fwd_total": 64222945280,
    "prefill_latency": 0.10774221937666177,
    "prefill_latency_fwd_attn": 0.03623878656,
    "prefill_latency_fwd_mlp": 0.06979321856000001,
    "prefill_latency_fwd_layernorm": 0.0008022454928886709,
    "prefill_latency_fwd_tp_comm": 0,
    "prefill_latency_fwd_input_embedding": 0.00020891809710642473,
    "prefill_latency_fwd_output_embedding_loss": 0.0006990506666666666,
    "decode_latency": 0.032357300595716856,
    "decode_latency_fwd_attn": 0.01043115613536047,
    "decode_latency_fwd_mlp": 0.020861908307994115,
    "decode_latency_fwd_layernorm": 1.5668857282981853e-06,
    "decode_latency_fwd_tp_comm": 0,
    "decode_latency_fwd_input_embedding": 0.00020891809710642473,
    "decode_latency_fwd_output_embedding_loss": 1.3653333333333333e-06,
    "total_decode_latency": 1.0354336190629394,
    "total_latency": 1.1431758384396011,
    "total_per_token_latency": 0.035724244951237535
}
