{
    "batch_size_per_gpu": 1,
    "seq_len": 512,
    "tp_size": 2,
    "pp_size": 1,
    "num_tokens_to_generate": 32,
    "use_kv_cache": true,
    "kv_cache_memory_per_gpu": 713031680.0,
    "kv_cache_latency": 0.0006993935066208926,
    "layernorm_dtype_bytes": 2,
    "embedding_memory_per_gpu": 262144000.0,
    "weight_memory_per_gpu": 64686653440.0,
    "prefill_max_batch_size_per_gpu": 1,
    "prefill_activation_memory_per_gpu": 9395240960.0,
    "prefill_num_flops_fwd_total": 66926327889920,
    "decode_max_batch_size_per_gpu": 21,
    "decode_activation_memory_per_gpu": 13117440.0,
    "decode_num_flops_fwd_total": 129375928320,
    "prefill_latency": 0.11332925227605088,
    "prefill_latency_fwd_attn": 0.03634203096615384,
    "prefill_latency_fwd_mlp": 0.07048151460102564,
    "prefill_latency_fwd_layernorm": 0.0013165054242275627,
    "prefill_latency_fwd_tp_comm": 0.004473924266666667,
    "prefill_latency_fwd_input_embedding": 0.0002850919923361125,
    "prefill_latency_fwd_output_embedding_loss": 0.00043018502564102563,
    "decode_latency": 0.03384921277991977,
    "decode_latency_fwd_attn": 0.010533976890632665,
    "decode_latency_fwd_mlp": 0.021067300912211873,
    "decode_latency_fwd_layernorm": 2.5712996566944585e-06,
    "decode_latency_fwd_tp_comm": 0.0012799999999999999,
    "decode_latency_fwd_input_embedding": 0.0002651299656694458,
    "decode_latency_fwd_output_embedding_loss": 8.402051282051282e-07,
    "total_decode_latency": 1.0831748089574327,
    "total_latency": 1.1965040612334836,
    "total_per_token_latency": 0.03739075191354636
}
