{
    "batch_size_per_gpu": 1,
    "seq_len": 512,
    "tp_size": 1,
    "pp_size": 1,
    "num_tokens_to_generate": 32,
    "use_kv_cache": true,
    "kv_cache_memory_per_gpu": 285212672.0,
    "kv_cache_latency": 0.0003108415584981744,
    "layernorm_dtype_bytes": 2,
    "embedding_memory_per_gpu": 262144000.0,
    "weight_memory_per_gpu": 13147045888.0,
    "prefill_max_batch_size_per_gpu": 20,
    "prefill_activation_memory_per_gpu": 3221225472.0,
    "prefill_num_flops_fwd_total": 6868726448128,
    "decode_max_batch_size_per_gpu": 230,
    "decode_activation_memory_per_gpu": 4198400.0,
    "decode_num_flops_fwd_total": 13147570176,
    "prefill_latency": 0.03188561941644569,
    "prefill_latency_fwd_attn": 0.01069808703765568,
    "prefill_latency_fwd_mlp": 0.020137575600293042,
    "prefill_latency_fwd_layernorm": 0.0002925567609394583,
    "prefill_latency_fwd_tp_comm": 0,
    "prefill_latency_fwd_input_embedding": 0.00014284998092746988,
    "prefill_latency_fwd_output_embedding_loss": 0.0006145500366300367,
    "decode_latency": 0.0074788276267005824,
    "decode_latency_fwd_attn": 0.0023411705694512557,
    "decode_latency_fwd_mlp": 0.00468219382485968,
    "decode_latency_fwd_layernorm": 5.713999237098794e-07,
    "decode_latency_fwd_tp_comm": 0,
    "decode_latency_fwd_input_embedding": 0.00014284998092746988,
    "decode_latency_fwd_output_embedding_loss": 1.2002930402930405e-06,
    "total_decode_latency": 0.23932248405441864,
    "total_latency": 0.2712081034708643,
    "total_per_token_latency": 0.00847525323346451
}
