{
    "batch_size_per_gpu": 1,
    "seq_len": 512,
    "tp_size": 1,
    "pp_size": 1,
    "num_tokens_to_generate": 32,
    "use_kv_cache": true,
    "kv_cache_memory_per_gpu": 445644800.0,
    "kv_cache_latency": 0.00048568993515339757,
    "layernorm_dtype_bytes": 2,
    "embedding_memory_per_gpu": 327680000.0,
    "weight_memory_per_gpu": 25493504000.0,
    "prefill_max_batch_size_per_gpu": 10,
    "prefill_activation_memory_per_gpu": 5033164800.0,
    "prefill_num_flops_fwd_total": 13267422412800,
    "decode_max_batch_size_per_gpu": 120,
    "decode_activation_memory_per_gpu": 6560000.0,
    "decode_num_flops_fwd_total": 25494323200,
    "prefill_latency": 0.06138395353600637,
    "prefill_latency_fwd_attn": 0.02064888123076923,
    "prefill_latency_fwd_mlp": 0.03933120234432235,
    "prefill_latency_fwd_layernorm": 0.0004571199389679036,
    "prefill_latency_fwd_tp_comm": 0,
    "prefill_latency_fwd_input_embedding": 0.00017856247615933733,
    "prefill_latency_fwd_output_embedding_loss": 0.0007681875457875459,
    "decode_latency": 0.01438337208991216,
    "decode_latency_fwd_attn": 0.004572318892703394,
    "decode_latency_fwd_mlp": 0.009144407607214865,
    "decode_latency_fwd_layernorm": 8.928123807966868e-07,
    "decode_latency_fwd_tp_comm": 0,
    "decode_latency_fwd_input_embedding": 0.00017856247615933733,
    "decode_latency_fwd_output_embedding_loss": 1.5003663003663007e-06,
    "total_decode_latency": 0.4602679068771891,
    "total_latency": 0.5216518604131954,
    "total_per_token_latency": 0.016301620637912358
}
