{
    "batch_size_per_gpu": 10,
    "max_batch_size_per_gpu": 18,
    "gradient_accumulation_steps": 12500,
    "global_batch_size": 4000000,
    "dp_size": 32,
    "tp_size": 8,
    "pp_size": 8,
    "sp_size": 8,
    "ds_zero": "NONE",
    "total_num_gpus": 2048,
    "seq_len": 2048,
    "total_num_tokens": 1400000000000.0,
    "num_params_total": 32110673920,
    "activation_recomputation": "SELECTIVE",
    "achived_flops": 156.0,
    "flops_efficiency": 0.5,
    "hbm_memory_efficiency": 0.9,
    "num_flops_total_per_micro_batch": 4213765570560000,
    "weight_memory_per_gpu": 983597056.0,
    "gradient_memory_per_gpu": 930349056.0,
    "optimizer_state_memory_per_gpu": 7442792448.0,
    "activation_memory_bs1": 3782737920.0,
    "activation_memory_per_gpu": 37827379200.0,
    "latency_per_micro_batch": 0.42205184,
    "latency_fwd": 0.15999934226958315,
    "latency_fwd_attn": 0.046976204800000004,
    "latency_fwd_mlp": 0.08142542165333333,
    "latency_fwd_layernorm": 0.0005199739305759904,
    "latency_fwd_tp_comm": 0.02226476373333333,
    "latency_fwd_input_embedding": 0.0018224714856738052,
    "latency_fwd_output_embedding_loss": 0.006990506666666667,
    "latency_per_iter": 5275.648,
    "total_training_latency": 896860.16,
    "gpu_hours": 510213.7799111111
}
