{
    "batch_size_per_gpu": 25,
    "max_batch_size_per_gpu": 39,
    "gradient_accumulation_steps": 5000,
    "global_batch_size": 4000000,
    "dp_size": 32,
    "tp_size": 8,
    "pp_size": 8,
    "sp_size": 8,
    "ds_zero": "NONE",
    "total_num_gpus": 2048,
    "seq_len": 2048,
    "total_num_tokens": 1000000000000.0,
    "num_params_total": 12746752000,
    "activation_recomputation": "SELECTIVE",
    "achived_flops": 156.0,
    "flops_efficiency": 0.5,
    "hbm_memory_efficiency": 0.9,
    "num_flops_total_per_micro_batch": 4259399598080000,
    "weight_memory_per_gpu": 434176000.0,
    "gradient_memory_per_gpu": 393216000.0,
    "optimizer_state_memory_per_gpu": 3145728000.0,
    "activation_memory_bs1": 1939865600.0,
    "activation_memory_per_gpu": 48496640000.0,
    "latency_per_micro_batch": 0.4266225558974359,
    "latency_fwd": 0.18563711597054028,
    "latency_fwd_attn": 0.05162220307692308,
    "latency_fwd_mlp": 0.08603700512820513,
    "latency_fwd_layernorm": 0.0007142499046373494,
    "latency_fwd_tp_comm": 0.030583466666666666,
    "latency_fwd_input_embedding": 0.003236909142826004,
    "latency_fwd_output_embedding_loss": 0.01344328205128205,
    "latency_per_iter": 2133.1127794871795,
    "total_training_latency": 260239.7590974359,
    "gpu_hours": 148047.50739765243
}
