{
    "batch_size_per_gpu": 10,
    "max_batch_size_per_gpu": 18,
    "gradient_accumulation_steps": 12500,
    "global_batch_size": 4000000,
    "dp_size": 32,
    "tp_size": 8,
    "pp_size": 8,
    "sp_size": 8,
    "ds_zero": "NONE",
    "total_num_gpus": 2048,
    "seq_len": 2048,
    "total_num_tokens": 1400000000000.0,
    "num_params_total": 32110673920,
    "activation_recomputation": "SELECTIVE",
    "achived_flops": 312,
    "flops_efficiency": 1,
    "hbm_memory_efficiency": 1,
    "num_flops_total_per_micro_batch": 4213765570560000,
    "weight_memory_per_gpu": 983597056.0,
    "gradient_memory_per_gpu": 930349056.0,
    "optimizer_state_memory_per_gpu": 7442792448.0,
    "activation_memory_bs1": 3782737920.0,
    "activation_memory_per_gpu": 37827379200.0,
    "latency_per_micro_batch": 0.21102592,
    "latency_fwd": 0.09222806519462481,
    "latency_fwd_attn": 0.023488102400000002,
    "latency_fwd_mlp": 0.040712710826666665,
    "latency_fwd_layernorm": 0.00046797653751839134,
    "latency_fwd_tp_comm": 0.02226476373333333,
    "latency_fwd_input_embedding": 0.0017992583637730913,
    "latency_fwd_output_embedding_loss": 0.0034952533333333334,
    "latency_per_iter": 2637.824,
    "total_training_latency": 448430.08,
    "gpu_hours": 255106.88995555555
}
