{
    "batch_size_per_gpu": 8,
    "max_batch_size_per_gpu": 9,
    "gradient_accumulation_steps": 15625,
    "global_batch_size": 4000000,
    "dp_size": 32,
    "tp_size": 8,
    "pp_size": 8,
    "sp_size": 8,
    "ds_zero": "NONE",
    "total_num_gpus": 2048,
    "seq_len": 2048,
    "total_num_tokens": 1400000000000.0,
    "num_params_total": 64686653440,
    "activation_recomputation": "SELECTIVE",
    "achived_flops": 312,
    "flops_efficiency": 1,
    "hbm_memory_efficiency": 1,
    "num_flops_total_per_micro_batch": 6710800500654080,
    "weight_memory_per_gpu": 2078801920.0,
    "gradient_memory_per_gpu": 2013265920.0,
    "optimizer_state_memory_per_gpu": 16106127360.0,
    "activation_memory_bs1": 6207569920.0,
    "activation_memory_per_gpu": 49660559360.0,
    "latency_per_micro_batch": 0.33607774943179486,
    "latency_fwd": 0.14736757280701399,
    "latency_fwd_attn": 0.03964585196307692,
    "latency_fwd_mlp": 0.07048151460102564,
    "latency_fwd_layernorm": 0.0006582527121137814,
    "latency_fwd_tp_comm": 0.03131746986666667,
    "latency_fwd_input_embedding": 0.001823003459002779,
    "latency_fwd_output_embedding_loss": 0.003441480205128205,
    "latency_per_iter": 5251.214834871795,
    "total_training_latency": 892706.521928205,
    "gpu_hours": 507850.8213636011
}
