{
    "batch_size_per_gpu": 50,
    "max_batch_size_per_gpu": 62,
    "gradient_accumulation_steps": 2500,
    "global_batch_size": 4000000,
    "dp_size": 32,
    "tp_size": 8,
    "pp_size": 8,
    "sp_size": 8,
    "ds_zero": "NONE",
    "total_num_gpus": 2048,
    "seq_len": 2048,
    "total_num_tokens": 1000000000000.0,
    "num_params_total": 6573522944,
    "activation_recomputation": "SELECTIVE",
    "achived_flops": 312,
    "flops_efficiency": 1,
    "hbm_memory_efficiency": 1,
    "num_flops_total_per_micro_batch": 4478577147904000,
    "weight_memory_per_gpu": 234094592.0,
    "gradient_memory_per_gpu": 201326592.0,
    "optimizer_state_memory_per_gpu": 1610612736.0,
    "activation_memory_bs1": 1241513984.0,
    "activation_memory_per_gpu": 62075699200.0,
    "latency_per_micro_batch": 0.22428771774358974,
    "latency_fwd": 0.12732898678066926,
    "latency_fwd_attn": 0.02753184164102564,
    "latency_fwd_mlp": 0.044050946625641026,
    "latency_fwd_layernorm": 0.0008228158901422266,
    "latency_fwd_tp_comm": 0.03914683733333333,
    "latency_fwd_input_embedding": 0.005021919649501389,
    "latency_fwd_output_embedding_loss": 0.01075462564102564,
    "latency_per_iter": 560.7192943589744,
    "total_training_latency": 68407.75391179488,
    "gpu_hours": 38916.41111426553
}
